dataid	uid	image	normalize	label
1	472288/20050318/1.2.840.113696.347054.500.988201.2005031813007	ImageDatabase/472288/20050318/1.2.840.113696.347054.500.988201.2005031813007/Ven.raw.nii.gz	ImageDatabase/472288/20050318/1.2.840.113696.347054.500.988201.2005031813007/Ven.normalize.nii.gz	datalocation/train/472288/20050318/1.2.840.113696.347054.500.988201.2005031813007/TruthVen1.nii.gz
2	517647/20021022/1.2.840.113619.2.55.1.1762888411.1956.1035286247.30	ImageDatabase/517647/20021022/1.2.840.113619.2.55.1.1762888411.1956.1035286247.30/Ven.raw.nii.gz	ImageDatabase/517647/20021022/1.2.840.113619.2.55.1.1762888411.1956.1035286247.30/Ven.normalize.nii.gz	datalocation/train/517647/20021022/1.2.840.113619.2.55.1.1762888411.1956.1035286247.30/TruthVen1.nii.gz
3	523236/20021230/1.2.840.113619.2.55.1.1762854222.2055.1041251534.114	ImageDatabase/523236/20021230/1.2.840.113619.2.55.1.1762854222.2055.1041251534.114/Ven.raw.nii.gz	ImageDatabase/523236/20021230/1.2.840.113619.2.55.1.1762854222.2055.1041251534.114/Ven.normalize.nii.gz	datalocation/train/523236/20021230/1.2.840.113619.2.55.1.1762854222.2055.1041251534.114/TruthVen1.nii.gz
4	525227/20030123/1.2.840.113619.2.55.1.1762888411.1955.1043329054.308	ImageDatabase/525227/20030123/1.2.840.113619.2.55.1.1762888411.1955.1043329054.308/Ven.raw.nii.gz	ImageDatabase/525227/20030123/1.2.840.113619.2.55.1.1762888411.1955.1043329054.308/Ven.normalize.nii.gz	datalocation/train/525227/20030123/1.2.840.113619.2.55.1.1762888411.1955.1043329054.308/TruthVen1.nii.gz
5	528725/20040511/1.2.840.113619.2.55.1.1762895981.2218.1084274768.919	ImageDatabase/528725/20040511/1.2.840.113619.2.55.1.1762895981.2218.1084274768.919/Ven.raw.nii.gz	ImageDatabase/528725/20040511/1.2.840.113619.2.55.1.1762895981.2218.1084274768.919/Ven.normalize.nii.gz	datalocation/train/528725/20040511/1.2.840.113619.2.55.1.1762895981.2218.1084274768.919/TruthVen1.nii.gz
6	541305/20041122/1.2.840.113696.347054.500.846392.2004112213174	ImageDatabase/541305/20041122/1.2.840.113696.347054.500.846392.2004112213174/Ven.raw.nii.gz	ImageDatabase/541305/20041122/1.2.840.113696.347054.500.846392.2004112213174/Ven.normalize.nii.gz	datalocation/train/541305/20041122/1.2.840.113696.347054.500.846392.2004112213174/TruthVen1.nii.gz
